Qual ator interpretou Imperador Palpatine ?;É interpretado pelo ator Ian McDiarmid.
Imperador Palpatine foi inter pretado por quem?;É interpretado pelo ator Ian McDiarmid.
O Darth Sidious tem sabre de qual cor?;a arma que o Palpatine, vulgo Darth Sirus usa é um sabre de luz vermelho
qual a cor do sabre do Darth Sidious;a arma que o Palpatine, vulgo Darth Sirus usa é um sabre de luz vermelho
Qual a cor do sabre de luz de Darth Sidious?;a arma que o Palpatine, vulgo Darth Sirus usa é um sabre de luz vermelho
qual é a arma do Darth Sidious?;a arma que o Palpatine, vulgo Darth Sirus usa é um sabre de luz vermelho
Você sabe qual a arma de escolha de Darth Sidious?;a arma que o Palpatine, vulgo Darth Sirus usa é um sabre de luz vermelho
o Darth Sidious usa sabre?;a arma que o Palpatine, vulgo Darth Sirus usa é um sabre de luz vermelho
qual a idade Darth Sidious tem?;88 anos ABY, Naboo, e morreu em 4 anos DBY a bordo da Segunda Estrela da Morte sobre Endor, morto por Darth Vader, depois que o mesmo voltou para o lado dos Jedis
qual a idade Darth Sidious ?;88 anos ABY, Naboo, e morreu em 4 anos DBY a bordo da Segunda Estrela da Morte sobre Endor, morto por Darth Vader, depois que o mesmo voltou para o lado dos Jedis
quantos anos tem Darth Sidious ?;88 anos ABY, Naboo, e morreu em 4 anos DBY a bordo da Segunda Estrela da Morte sobre Endor, morto por Darth Vader, depois que o mesmo voltou para o lado dos Jedis
Quem foi o primeiro aprendiz de Darth Sidious?;Foi mestre de Darth Maul, Darth Tyranus, Darth Vader e foi treinado por Darth Plagueis
Com quantos anos morreu Darth Sidious?;88 anos ABY, Naboo, e morreu em 4 anos DBY a bordo da Segunda Estrela da Morte sobre Endor, morto por Darth Vader, depois que o mesmo voltou para o lado dos Jedis
quando morreu Darth Sidious?;88 anos ABY, Naboo, e morreu em 4 anos DBY a bordo da Segunda Estrela da Morte sobre Endor, morto por Darth Vader, depois que o mesmo voltou para o lado dos Jedis
Com quantos anos morreu Darth Sidious?;88 anos ABY, Naboo, e morreu em 4 anos DBY a bordo da Segunda Estrela da Morte sobre Endor, morto por Darth Vader, depois que o mesmo voltou para o lado dos Jedis
quem foi que matou Darth Sidious?;88 anos ABY, Naboo, e morreu em 4 anos DBY a bordo da Segunda Estrela da Morte sobre Endor, morto por Darth Vader, depois que o mesmo voltou para o lado dos Jedis
O que acha do Darth Sidious?;Principal vilão de Star Wars, o Imperador Palpatine é um dos Lordes Sith mais poderosos da história, que atende pelo nome de Darth Sidious. Graças as suas habilidades de manipulação, foi o responsável pela destruição da Ordem Jedi e pela instauração do Império Galáctico. Como senador de Naboo, ele articulou secretamente uma série de eventos que o tornaram chanceler da Velha República e, durante as Guerras Clónicas, acumulou poderes emergenciais até se auto-proclamar imperador. Foi o responsável por trazer o jovem aprendiz Anakim Skywalker para o lado negro da força, quando assumiu o título de Darth Vader. Morreu pouco antes da explosão da segunda Estrela da Morte, durante a batalha de Endor.
o que é o Darth Sidious ?;Principal vilão de Star Wars, o Imperador Palpatine é um dos Lordes Sith mais poderosos da história, que atende pelo nome de Darth Sidious. Graças as suas habilidades de manipulação, foi o responsável pela destruição da Ordem Jedi e pela instauração do Império Galáctico. Como senador de Naboo, ele articulou secretamente uma série de eventos que o tornaram chanceler da Velha República e, durante as Guerras Clónicas, acumulou poderes emergenciais até se auto-proclamar imperador. Foi o responsável por trazer o jovem aprendiz Anakim Skywalker para o lado negro da força, quando assumiu o título de Darth Vader. Morreu pouco antes da explosão da segunda Estrela da Morte, durante a batalha de Endor.
me fale sobre Darth Sidious?;Principal vilão de Star Wars, o Imperador Palpatine é um dos Lordes Sith mais poderosos da história, que atende pelo nome de Darth Sidious. Graças as suas habilidades de manipulação, foi o responsável pela destruição da Ordem Jedi e pela instauração do Império Galáctico. Como senador de Naboo, ele articulou secretamente uma série de eventos que o tornaram chanceler da Velha República e, durante as Guerras Clónicas, acumulou poderes emergenciais até se auto-proclamar imperador. Foi o responsável por trazer o jovem aprendiz Anakim Skywalker para o lado negro da força, quando assumiu o título de Darth Vader. Morreu pouco antes da explosão da segunda Estrela da Morte, durante a batalha de Endor.
quem foi Darth Sidious?;Darth Sidious, nascido Sheev Palpatine, (também conhecido como Senador Palpatine, Supremo Chanceler Palpatine, Chanceler Palpatine, Imperador Palpatine, ou simplesmente O Imperador) é, juntamente com Darth Vader, o principal vilão da saga Star Wars.
quem é Darth Sidious?;Darth Sidious, nascido Sheev Palpatine, (também conhecido como Senador Palpatine, Supremo Chanceler Palpatine, Chanceler Palpatine, Imperador Palpatine, ou simplesmente O Imperador) é, juntamente com Darth Vader, o principal vilão da saga Star Wars.
Qual o nome da mãe de Darth Sidious?;Assim como Yoda, Palpatine tem muitos detalhes de seu passado não revelados.
Quem são os parentes do Darth Sidious?;Assim como Yoda, Palpatine tem muitos detalhes de seu passado não revelados.
Quem é o pai do Darth Sidious?;Assim como Yoda, Palpatine tem muitos detalhes de seu passado não revelados.
Quem não foi treinado por Darth Sidious?;Foi mestre de Darth Maul, Darth Tyranus, Darth Vader e foi treinado por Darth Plagueis
Darth Sidious foi treinado por quem?;Foi mestre de Darth Maul, Darth Tyranus, Darth Vader e foi treinado por Darth Plagueis
quem treinou Darth Sidious?;Foi mestre de Darth Maul, Darth Tyranus, Darth Vader e foi treinado por Darth Plagueis
Qual é o planeta natal de Darth Sidious?;Naboo
Qual o planeta natal do Darth Sidious?;Naboo
qual a frase marcante de Darth Sidious?;O lado sombrio é o caminho para várias habilidades que alguns consideram como não-naturais.
qual filme aprece Darth Sidious?;dos episodios de I até VI
qual epidodio aparece Darth Sidious?;dos episodios de I até VI
qual a raça Darth Sidious?;Humano
qual a especie Darth Sidious?;Humano
Qual ator interpretou Darth Sidious?;É interpretado pelo ator Ian McDiarmid.
Darth Sidious foi inter pretado por quem?;É interpretado pelo ator Ian McDiarmid.
O Han Solo tem sabre de qual cor?;ele usa uma Pistola Mauser, uma especie de pistola laiser
qual a cor do sabre do Han Solo;ele usa uma Pistola Mauser, uma especie de pistola laiser
Qual a cor do sabre de luz de Han Solo?;ele usa uma Pistola Mauser, uma especie de pistola laiser
qual é a arma do Han Solo?;ele usa uma Pistola Mauser, uma especie de pistola laiser
Você sabe qual a arma de escolha de Han Solo?;ele usa uma Pistola Mauser, uma especie de pistola laiser
o Han Solo usa sabre?;ele usa uma Pistola Mauser, uma especie de pistola laiser
qual a idade Han Solo tem?;nasceu mais ou menos 29 anos ABY, e até o final dos acontecimentos do episodio VI ele ainda está vivo
qual a idade Han Solo ?;nasceu mais ou menos 29 anos ABY, e até o final dos acontecimentos do episodio VI ele ainda está vivo
quantos anos tem Han Solo ?;nasceu mais ou menos 29 anos ABY, e até o final dos acontecimentos do episodio VI ele ainda está vivo
Com quantos anos morreu Han Solo?;nasceu mais ou menos 29 anos ABY, e até o final dos acontecimentos do episodio VI ele ainda está vivo
quando morreu Han Solo?;nasceu mais ou menos 29 anos ABY, e até o final dos acontecimentos do episodio VI ele ainda está vivo
Com quantos anos morreu Han Solo?;nasceu mais ou menos 29 anos ABY, e até o final dos acontecimentos do episodio VI ele ainda está vivo
quem foi que matou Han Solo?;nasceu mais ou menos 29 anos ABY, e até o final dos acontecimentos do episodio VI ele ainda está vivo
O que acha do Han Solo?;"Han Solo era um contrabandista Humano do planeta Corellia. Seu melhor amigo e companheiro de primeira foi Chewbacca, um Wookiee de Kashyyyk, quem Solo apelidou de ""Chewie"". Solo pilotou um cargueiro personalizado, a Millennium Falcon, que tinha ganhado do colega Lando Calrissian."
o que é o Han Solo ?;"Han Solo era um contrabandista Humano do planeta Corellia. Seu melhor amigo e companheiro de primeira foi Chewbacca, um Wookiee de Kashyyyk, quem Solo apelidou de ""Chewie"". Solo pilotou um cargueiro personalizado, a Millennium Falcon, que tinha ganhado do colega Lando Calrissian."
me fale sobre Han Solo?;"Um dos personagens mais queridos da história do cinema: o ex-piloto e contrabandista Han Solo terá presença marcada no filme Star Wars: O Despertar da Força. Ele e seu copiloto Chewbacca passaram a acreditar na causa da liberdade galáctica, juntando­se a Luke Skywalker e à princesa Leia Organa na luta contra o Império. Contrabandista, ordinário e herói, Han Solo é um dos grandes líderes da Aliança Rebelde e da Nova República posteriormente, além de ser Capitão da Millennium Falcon, ""a nave mais veloz da galáxia""."
quem foi Han Solo?;"Um dos personagens mais queridos da história do cinema: o ex-piloto e contrabandista Han Solo terá presença marcada no filme Star Wars: O Despertar da Força. Ele e seu copiloto Chewbacca passaram a acreditar na causa da liberdade galáctica, juntando­se a Luke Skywalker e à princesa Leia Organa na luta contra o Império. Contrabandista, ordinário e herói, Han Solo é um dos grandes líderes da Aliança Rebelde e da Nova República posteriormente, além de ser Capitão da Millennium Falcon, ""a nave mais veloz da galáxia""."
