O Mestre Yoda tem sabre de qual cor?;o mestre Yoda tem um sabre de luz verde
qual a cor do sabre do Mestre Yoda;o mestre Yoda tem um sabre de luz verde
Qual a cor do sabre de luz de Mestre Yoda?;o mestre Yoda tem um sabre de luz verde
qual é a arma do Mestre Yoda?;o mestre Yoda tem um sabre de luz verde
Você sabe qual a arma de escolha de Mestre Yoda?;o mestre Yoda tem um sabre de luz verde
o Mestre Yoda usa sabre?;o mestre Yoda tem um sabre de luz verde
qual a idade Mestre Yoda tem?;Ele nasceu em 896 ABY, e morreu em 4 DBY, em Dagobah. Morrendo com 900 anos
qual a idade Mestre Yoda ?;Ele nasceu em 896 ABY, e morreu em 4 DBY, em Dagobah. Morrendo com 900 anos
quantos anos tem Mestre Yoda ?;Ele nasceu em 896 ABY, e morreu em 4 DBY, em Dagobah. Morrendo com 900 anos
Quem foi o primeiro aprendiz de Mestre Yoda?;Os aprendizes de Yoda foram Dookan, antes de se tornar Darth Tyranus, Obi-Wan Kenobi, e Luke Skywalker. E as informações sobre o mestre de Yoda, também não se conta nos registros da series, quem seria ele
Com quantos anos morreu Mestre Yoda?;Ele nasceu em 896 ABY, e morreu em 4 DBY, em Dagobah. Morrendo com 900 anos
quando morreu Mestre Yoda?;Ele nasceu em 896 ABY, e morreu em 4 DBY, em Dagobah. Morrendo com 900 anos
Com quantos anos morreu Mestre Yoda?;Ele nasceu em 896 ABY, e morreu em 4 DBY, em Dagobah. Morrendo com 900 anos
quem foi que matou Mestre Yoda?;Mestre Yoda morreu de velice.
O que acha do Mestre Yoda?;Um dos melhores e maiores mestres de todos os tempos
o que é o Mestre Yoda ?;Um dos mais antigos membros do Conselho Jedi, Mestre Yoda treina novos padawans há pelo menos 800 anos. Tido como um dos Jedi mais poderoso de todos os tempos, falhou em perceber a aproximação dos Sith que causou o fim da República, mas treinou Luke Skywalker para que pudesse derrotar o Império.
me fale sobre Mestre Yoda?;Medindo 76 centímetros de altura, Yoda é um membro masculino de uma raça cujo nome nunca foi revelado. Ele foi o Grão Mestre da Ordem Jedi durante as Guerras Clônicas, um dos membros mais importantes do Alto Conselho Jedi nos últimos dias da República Galáctica, e um dos mais sábios e poderosos Jedi de todos os tempos. Tendo vivido por muito tempo (veio a falecer com aprox. 900 anos de idade), ele tinha excepcionais habilidades no combate de sabre de luz, onde usava as técnicas acrobáticas da Forma IV, além de um fenomenal conhecimento sobre a Força. De 300 ABY até 19 ABY ele treinou quase todos os Jedi da Galáxia — como Grande Mestre, ele instruia todos os Younglings do Templo Jedi antes deles serem adotados por um mestre, tendo Anakin Skywalkersido uma exceção quanto a isso.
quem foi Mestre Yoda?;Um dos mais antigos membros do Conselho Jedi, Mestre Yoda treina novos padawans há pelo menos 800 anos. Tido como um dos Jedi mais poderoso de todos os tempos, falhou em perceber a aproximação dos Sith que causou o fim da República, mas treinou Luke Skywalker para que pudesse derrotar o Império.
quem é Mestre Yoda?;Medindo 76 centímetros de altura, Yoda é um membro masculino de uma raça cujo nome nunca foi revelado. Ele foi o Grão Mestre da Ordem Jedi durante as Guerras Clônicas, um dos membros mais importantes do Alto Conselho Jedi nos últimos dias da República Galáctica, e um dos mais sábios e poderosos Jedi de todos os tempos. Tendo vivido por muito tempo (veio a falecer com aprox. 900 anos de idade), ele tinha excepcionais habilidades no combate de sabre de luz, onde usava as técnicas acrobáticas da Forma IV, além de um fenomenal conhecimento sobre a Força. De 300 ABY até 19 ABY ele treinou quase todos os Jedi da Galáxia — como Grande Mestre, ele instruia todos os Younglings do Templo Jedi antes deles serem adotados por um mestre, tendo Anakin Skywalkersido uma exceção quanto a isso.
Qual o nome da mãe de Mestre Yoda?;Informações como especie, raça, planata natal, parentes não estão nenhum registro sobre a series
Quem são os parentes do Mestre Yoda?;Informações como especie, raça, planata natal, parentes não estão nenhum registro sobre a series
Quem é o pai do Mestre Yoda?;Informações como especie, raça, planata natal, parentes não estão nenhum registro sobre a series
Quem não foi treinado por Mestre Yoda?;Os aprendizes de Yoda foram Dookan, antes de se tornar Darth Tyranus, Obi-Wan Kenobi, e Luke Skywalker. E as informações sobre o mestre de Yoda, também não se conta nos registros da series, quem seria ele
Mestre Yoda foi treinado por quem?;Os aprendizes de Yoda foram Dookan, antes de se tornar Darth Tyranus, Obi-Wan Kenobi, e Luke Skywalker. E as informações sobre o mestre de Yoda, também não se conta nos registros da series, quem seria ele
quem treinou Mestre Yoda?;Os aprendizes de Yoda foram Dookan, antes de se tornar Darth Tyranus, Obi-Wan Kenobi, e Luke Skywalker. E as informações sobre o mestre de Yoda, também não se conta nos registros da series, quem seria ele
Qual é o planeta natal de Mestre Yoda?;Informações como especie, raça, planata natal, parentes não estão nenhum registro sobre a series
Qual o planeta natal do Mestre Yoda?;Informações como especie, raça, planata natal, parentes não estão nenhum registro sobre a series
qual a frase marcante de Mestre Yoda?;Julga-me pelo meu tamanho? Hun? E não deveria. Aliada minha a Força é. E poderosa aliada ela é.
qual filme aprece Mestre Yoda?;Aparece no episodio II, III, IV, V, VI
qual epidodio aparece Mestre Yoda?;Aparece no episodio II, III, IV, V, VI
qual a raça Mestre Yoda?;Informações como especie, raça, planata natal, parentes não estão nenhum registro sobre a series
qual a especie Mestre Yoda?;Informações como especie, raça, planata natal, parentes não estão nenhum registro sobre a series
Qual ator interpretou Mestre Yoda?;Frank Oz foi a voz original, e Guilherme Briggs a voz brasileira
Mestre Yoda foi inter pretado por quem?;Frank Oz foi a voz original, e Guilherme Briggs a voz brasileira
O Yoda tem sabre de qual cor?;o mestre Yoda tem um sabre de luz verde
qual a cor do sabre do Yoda;o mestre Yoda tem um sabre de luz verde
Qual a cor do sabre de luz de Yoda?;o mestre Yoda tem um sabre de luz verde
qual é a arma do Yoda?;o mestre Yoda tem um sabre de luz verde
Você sabe qual a arma de escolha de Yoda?;o mestre Yoda tem um sabre de luz verde
o Yoda usa sabre?;o mestre Yoda tem um sabre de luz verde
qual a idade Yoda tem?;Ele nasceu em 896 ABY, e morreu em 4 DBY, em Dagobah. Morrendo com 900 anos
qual a idade Yoda ?;Ele nasceu em 896 ABY, e morreu em 4 DBY, em Dagobah. Morrendo com 900 anos
quantos anos tem Yoda ?;Ele nasceu em 896 ABY, e morreu em 4 DBY, em Dagobah. Morrendo com 900 anos
Quem foi o primeiro aprendiz de Yoda?;Os aprendizes de Yoda foram Dookan, antes de se tornar Darth Tyranus, Obi-Wan Kenobi, e Luke Skywalker. E as informações sobre o mestre de Yoda, também não se conta nos registros da series, quem seria ele
Com quantos anos morreu Yoda?;Ele nasceu em 896 ABY, e morreu em 4 DBY, em Dagobah. Morrendo com 900 anos
quando morreu Yoda?;Ele nasceu em 896 ABY, e morreu em 4 DBY, em Dagobah. Morrendo com 900 anos
Com quantos anos morreu Yoda?;Ele nasceu em 896 ABY, e morreu em 4 DBY, em Dagobah. Morrendo com 900 anos
quem foi que matou Yoda?;Mestre Yoda morreu de velice.
O que acha do Yoda?;Um dos melhores e maiores mestres de todos os tempos
o que é o Yoda ?;Um dos mais antigos membros do Conselho Jedi, Mestre Yoda treina novos padawans há pelo menos 800 anos. Tido como um dos Jedi mais poderoso de todos os tempos, falhou em perceber a aproximação dos Sith que causou o fim da República, mas treinou Luke Skywalker para que pudesse derrotar o Império.
me fale sobre Yoda?;Medindo 76 centímetros de altura, Yoda é um membro masculino de uma raça cujo nome nunca foi revelado. Ele foi o Grão Mestre da Ordem Jedi durante as Guerras Clônicas, um dos membros mais importantes do Alto Conselho Jedi nos últimos dias da República Galáctica, e um dos mais sábios e poderosos Jedi de todos os tempos. Tendo vivido por muito tempo (veio a falecer com aprox. 900 anos de idade), ele tinha excepcionais habilidades no combate de sabre de luz, onde usava as técnicas acrobáticas da Forma IV, além de um fenomenal conhecimento sobre a Força. De 300 ABY até 19 ABY ele treinou quase todos os Jedi da Galáxia — como Grande Mestre, ele instruia todos os Younglings do Templo Jedi antes deles serem adotados por um mestre, tendo Anakin Skywalkersido uma exceção quanto a isso.
quem foi Yoda?;Um dos mais antigos membros do Conselho Jedi, Mestre Yoda treina novos padawans há pelo menos 800 anos. Tido como um dos Jedi mais poderoso de todos os tempos, falhou em perceber a aproximação dos Sith que causou o fim da República, mas treinou Luke Skywalker para que pudesse derrotar o Império.
quem é Yoda?;Medindo 76 centímetros de altura, Yoda é um membro masculino de uma raça cujo nome nunca foi revelado. Ele foi o Grão Mestre da Ordem Jedi durante as Guerras Clônicas, um dos membros mais importantes do Alto Conselho Jedi nos últimos dias da República Galáctica, e um dos mais sábios e poderosos Jedi de todos os tempos. Tendo vivido por muito tempo (veio a falecer com aprox. 900 anos de idade), ele tinha excepcionais habilidades no combate de sabre de luz, onde usava as técnicas acrobáticas da Forma IV, além de um fenomenal conhecimento sobre a Força. De 300 ABY até 19 ABY ele treinou quase todos os Jedi da Galáxia — como Grande Mestre, ele instruia todos os Younglings do Templo Jedi antes deles serem adotados por um mestre, tendo Anakin Skywalkersido uma exceção quanto a isso.
Qual o nome da mãe de Yoda?;Informações como especie, raça, planata natal, parentes não estão nenhum registro sobre a series
Quem são os parentes do Yoda?;Informações como especie, raça, planata natal, parentes não estão nenhum registro sobre a series
Quem é o pai do Yoda?;Informações como especie, raça, planata natal, parentes não estão nenhum registro sobre a series
Quem não foi treinado por Yoda?;Os aprendizes de Yoda foram Dookan, antes de se tornar Darth Tyranus, Obi-Wan Kenobi, e Luke Skywalker. E as informações sobre o mestre de Yoda, também não se conta nos registros da series, quem seria ele
Yoda foi treinado por quem?;Os aprendizes de Yoda foram Dookan, antes de se tornar Darth Tyranus, Obi-Wan Kenobi, e Luke Skywalker. E as informações sobre o mestre de Yoda, também não se conta nos registros da series, quem seria ele
quem treinou Yoda?;Os aprendizes de Yoda foram Dookan, antes de se tornar Darth Tyranus, Obi-Wan Kenobi, e Luke Skywalker. E as informações sobre o mestre de Yoda, também não se conta nos registros da series, quem seria ele
Qual é o planeta natal de Yoda?;Informações como especie, raça, planata natal, parentes não estão nenhum registro sobre a series
Qual o planeta natal do Yoda?;Informações como especie, raça, planata natal, parentes não estão nenhum registro sobre a series
qual a frase marcante de Yoda?;Julga-me pelo meu tamanho? Hun? E não deveria. Aliada minha a Força é. E poderosa aliada ela é.
qual filme aprece Yoda?;Aparece no episodio II, III, IV, V, VI
qual epidodio aparece Yoda?;Aparece no episodio II, III, IV, V, VI
qual a raça Yoda?;Informações como especie, raça, planata natal, parentes não estão nenhum registro sobre a series
qual a especie Yoda?;Informações como especie, raça, planata natal, parentes não estão nenhum registro sobre a series
Qual ator interpretou Yoda?;Frank Oz foi a voz original, e Guilherme Briggs a voz brasileira
Yoda foi inter pretado por quem?;Frank Oz foi a voz original, e Guilherme Briggs a voz brasileira
